{"$schema":"http://schema.management.azure.com/schemas/2015-01-01/deploymentTemplate.json#","contentVersion":"1.0.0.0","parameters":{"BLOB_VAMED_METADATA_SAXDIPRODWEU001_PROD":{"type":"string"},"FABRIC_VAMED_DATA_PIPELINES_SVC_PROD":{"type":"string"}},"variables":{},"resources":[{"name":"SUB MASTER IMPORT PIPELINE","type":"pipelines","apiVersion":"2018-06-01","properties":{"activities":[{"name":"Metadata","type":"Lookup","dependsOn":[],"policy":{"timeout":"0.12:00:00","retry":0,"retryIntervalInSeconds":30,"secureOutput":false,"secureInput":false},"typeProperties":{"source":{"type":"JsonSource","storeSettings":{"type":"AzureBlobStorageReadSettings","recursive":false,"enablePartitionDiscovery":false},"formatSettings":{"type":"JsonReadSettings"}},"datasetSettings":{"annotations":[],"type":"Json","typeProperties":{"location":{"type":"AzureBlobStorageLocation","fileName":{"value":"@pipeline().parameters.metadataFilename","type":"Expression"},"folderPath":{"value":"@concat(\n    pipeline().parameters.env,\n    '/meta/pipelines/master'\n)","type":"Expression"},"container":"xdi-metadata"}},"schema":{},"externalReferences":{"connection":"[parameters('BLOB_VAMED_METADATA_SAXDIPRODWEU001_PROD')]"}}}},{"name":"Pipelines","type":"Filter","dependsOn":[{"activity":"Metadata","dependencyConditions":["Succeeded"]}],"typeProperties":{"items":{"value":"@activity('Metadata').output.firstRow.pipelines","type":"Expression"},"condition":{"value":"@equals(item().run, true)","type":"Expression"}}},{"name":"Pipeline loop","type":"ForEach","dependsOn":[{"activity":"Pipelines","dependencyConditions":["Succeeded"]}],"typeProperties":{"items":{"value":"@activity('Pipelines').output.value","type":"Expression"},"batchCount":3,"activities":[{"name":"Run pipeline","type":"InvokePipeline","dependsOn":[],"policy":{"timeout":"0.12:00:00","retry":0,"retryIntervalInSeconds":30,"secureOutput":false,"secureInput":false},"typeProperties":{"waitOnCompletion":true,"operationType":"InvokeFabricPipeline","pipelineId":{"value":"@item()[pipeline().parameters.env].id","type":"Expression"},"workspaceId":{"value":"@activity('Metadata').output.firstRow.workspaces[pipeline().parameters.env].id","type":"Expression"},"parameters":{"env":{"value":"@pipeline().parameters.env","type":"Expression"},"name":{"value":"@item().name","type":"Expression"},"fullLoadDays":{"value":"@item().fullLoadDays","type":"Expression"}}},"externalReferences":{"connection":"[parameters('FABRIC_VAMED_DATA_PIPELINES_SVC_PROD')]"}}]}},{"name":"Outlook fail notification","type":"Office365Outlook","dependsOn":[{"activity":"Pipeline loop","dependencyConditions":["Failed"]}],"typeProperties":{"inputs":{"method":"post","path":"/v2/Mail","body":{"To":"@pipeline().parameters.notifyEmails","Subject":"@concat(\n    'Pipeline failed: ',\n    pipeline().PipelineName\n)","Body":"<p>Dear Data Pipeline Admin,</p>\n<p><br></p>\n<p>the Data Pipeline '@{pipeline().Pipeline}' with the run ID '@{pipeline().RunId}' failed.</p>\n<p><br></p>\n<p>Best regards</p>\n<p>Microsoft Fabric</p>","Sensitivity":"","Importance":"Normal"}}}},{"name":"Pipeline fail","type":"Fail","dependsOn":[{"activity":"Outlook fail notification","dependencyConditions":["Completed"]}],"typeProperties":{"message":"Pipeline fail","errorCode":"500"}}],"parameters":{"name":{"type":"string"},"metadataFilename":{"type":"string","defaultValue":"metadata.master.datahub.default.v3.json"},"notifyEmails":{"type":"string","defaultValue":"enrico.goerlitz@vamed.com"},"env":{"type":"string"}},"logicAppsConnectionPayload":{"id":"/subscriptions/8134bcad-3f8c-4be2-8218-40855d84f4d3/resourceGroups/connections-c1893bbd-b872-4e25-af7c-a9490f6a1399/providers/Microsoft.Web/connections/1_e9157bc4-f234-4f28-8613-111835310e77_cc1c9952-5f4c-4830-9692-6cafe16f16ee","properties":{"api":{"name":"office365","id":"/subscriptions/8134bcad-3f8c-4be2-8218-40855d84f4d3/providers/Microsoft.Web/locations/westeurope/managedApis/office365"}}},"lastModifiedByObjectId":"cc1c9952-5f4c-4830-9692-6cafe16f16ee","lastPublishTime":"2025-08-23T04:23:13Z"},"dependsOn":[]}]}