{"$schema":"http://schema.management.azure.com/schemas/2015-01-01/deploymentTemplate.json#","contentVersion":"1.0.0.0","parameters":{"FABRIC_VAMED_DATA_PIPELINES_SVC_PROD":{"type":"string"},"BLOB_VAMED_METADATA_SAXDIPRODWEU001_PROD":{"type":"string"}},"variables":{},"resources":[{"name":"FHS - MASTER NIGHT PIPELINE","type":"pipelines","apiVersion":"2018-06-01","properties":{"activities":[{"name":"Set dayOfWeek","type":"SetVariable","dependsOn":[],"policy":{"secureOutput":false,"secureInput":false},"typeProperties":{"variableName":"dayOfWeekGerman","value":{"value":"@if(\n    equals(dayOfWeek(utcNow()), 0), 'Sonntag',\n    if(equals(dayOfWeek(utcNow()), 1), 'Montag',\n        if(equals(dayOfWeek(utcNow()), 2), 'Dienstag',\n            if(equals(dayOfWeek(utcNow()), 3), 'Mittwoch',\n                if(equals(dayOfWeek(utcNow()), 4), 'Donnerstag',\n                    if(equals(dayOfWeek(utcNow()), 5), 'Freitag',\n                        if(equals(dayOfWeek(utcNow()), 6), 'Samstag',\n                            'Sonntag'\n                    )\n                    )\n                )\n            )\n        )\n    )\n)","type":"Expression"}}},{"name":"Run environment","type":"IfCondition","dependsOn":[{"activity":"Wait if dev or test","dependencyConditions":["Succeeded"]}],"typeProperties":{"expression":{"value":"@variables('runEnvironment')","type":"Expression"},"ifFalseActivities":[],"ifTrueActivities":[{"name":"IMPORT DATA HUB","type":"InvokePipeline","dependsOn":[],"policy":{"timeout":"0.12:00:00","retry":0,"retryIntervalInSeconds":30,"secureOutput":false,"secureInput":false},"typeProperties":{"waitOnCompletion":true,"operationType":"InvokeFabricPipeline","pipelineId":"e9157bc4-f234-4f28-8613-111835310e77","workspaceId":"c1893bbd-b872-4e25-af7c-a9490f6a1399","parameters":{"name":"DEFAULT DATA HUB","metadataFilename":"metadata.master.datahub.default.v3.json","notifyEmails":"enrico.goerlitz@vamed.com","env":{"value":"@pipeline().libraryVariables.environment","type":"Expression"}}},"externalReferences":{"connection":"[parameters('FABRIC_VAMED_DATA_PIPELINES_SVC_PROD')]"}},{"name":"IMPORT DATA HUB PERSONAL","type":"InvokePipeline","dependsOn":[{"activity":"IMPORT DATA HUB","dependencyConditions":["Completed"]}],"policy":{"timeout":"0.12:00:00","retry":0,"retryIntervalInSeconds":30,"secureOutput":false,"secureInput":false},"typeProperties":{"waitOnCompletion":true,"operationType":"InvokeFabricPipeline","pipelineId":"e9157bc4-f234-4f28-8613-111835310e77","workspaceId":"c1893bbd-b872-4e25-af7c-a9490f6a1399","parameters":{"env":{"value":"@pipeline().libraryVariables.environment","type":"Expression"},"name":"PERSONAL DATA HUB","metadataFilename":"metadata.master.datahub.personal.v3.json","notifyEmails":"enrico.goerlitz@vamed.com"}},"externalReferences":{"connection":"[parameters('FABRIC_VAMED_DATA_PIPELINES_SVC_PROD')]"}},{"name":"REFRESH MLVs","type":"InvokePipeline","dependsOn":[{"activity":"IMPORT DATA HUB PERSONAL","dependencyConditions":["Completed"]}],"policy":{"timeout":"0.12:00:00","retry":0,"retryIntervalInSeconds":30,"secureOutput":false,"secureInput":false},"typeProperties":{"waitOnCompletion":true,"operationType":"InvokeFabricPipeline","pipelineId":"cdf9ae0d-ed89-4801-b710-edf5c044c0ea","workspaceId":"c1893bbd-b872-4e25-af7c-a9490f6a1399","parameters":{"env":{"value":"@pipeline().libraryVariables.environment","type":"Expression"},"notifyEmails":"enrico.goerlitz@vamed.com","metadataFilename":"metadata.mlv.datahub.default.v3.json","name":"Refresh Data Hub"}},"externalReferences":{"connection":"[parameters('FABRIC_VAMED_DATA_PIPELINES_SVC_PROD')]"}}]}},{"name":"Set runEnvironment","type":"SetVariable","dependsOn":[{"activity":"Set dayOfWeek","dependencyConditions":["Succeeded"]}],"policy":{"secureOutput":false,"secureInput":false},"typeProperties":{"variableName":"runEnvironment","value":{"value":"@if(\n  equals(\n    pipeline().libraryVariables.environment, 'main'),\n    contains(pipeline().parameters.prodRunDays, variables('dayOfWeekGerman')),\n    if(\n      equals(pipeline().libraryVariables.environment, 'test'),\n      contains(pipeline().parameters.testRunDays, variables('dayOfWeekGerman')),\n        contains(pipeline().parameters.devRunDays, variables('dayOfWeekGerman'))\n  )\n)","type":"Expression"}}},{"name":"Wait if dev or test","type":"IfCondition","dependsOn":[{"activity":"Set runEnvironment","dependencyConditions":["Succeeded"]}],"typeProperties":{"expression":{"value":"@and(\n    or(\n        equals(pipeline().libraryVariables.environment, 'test'),\n        equals(pipeline().libraryVariables.environment, 'dev')\n    ),\n    variables('runEnvironment')\n)","type":"Expression"},"ifFalseActivities":[],"ifTrueActivities":[{"name":"Wait at TEST or DEV","description":"Wait TEST und DEV for 7h to execute\n(60. * 60 * 7 = 25200s)","type":"Wait","dependsOn":[],"typeProperties":{"waitTimeInSeconds":{"value":"@pipeline().parameters.waitDevTestInSeconds","type":"Expression"}}}]}}],"parameters":{"devRunDays":{"type":"string","defaultValue":"Samstag"},"testRunDays":{"type":"string","defaultValue":"Sonntag"},"prodRunDays":{"type":"string","defaultValue":"Montag,Dienstag,Mittwoch,Donnerstag,Freitag,Samstag,Sonntag"},"waitDevTestInSeconds":{"type":"int","defaultValue":25200}},"variables":{"dayOfWeekGerman":{"type":"String"},"runEnvironment":{"type":"Boolean"}},"libraryVariables":{"environment":{"type":"String","variableName":"Environment","libraryName":"Workspace"}},"lastModifiedByObjectId":"cc1c9952-5f4c-4830-9692-6cafe16f16ee","lastPublishTime":"2025-08-25T06:59:33Z"},"dependsOn":[]},{"name":"SUB MASTER IMPORT PIPELINE","type":"pipelines","apiVersion":"2018-06-01","properties":{"activities":[{"name":"Metadata","type":"Lookup","dependsOn":[],"policy":{"timeout":"0.12:00:00","retry":0,"retryIntervalInSeconds":30,"secureOutput":false,"secureInput":false},"typeProperties":{"source":{"type":"JsonSource","storeSettings":{"type":"AzureBlobStorageReadSettings","recursive":false,"enablePartitionDiscovery":false},"formatSettings":{"type":"JsonReadSettings"}},"datasetSettings":{"annotations":[],"type":"Json","typeProperties":{"location":{"type":"AzureBlobStorageLocation","fileName":{"value":"@pipeline().parameters.metadataFilename","type":"Expression"},"folderPath":{"value":"@concat(\n    pipeline().parameters.env,\n    '/meta/pipelines/master'\n)","type":"Expression"},"container":"xdi-metadata"}},"schema":{},"externalReferences":{"connection":"[parameters('BLOB_VAMED_METADATA_SAXDIPRODWEU001_PROD')]"}}}},{"name":"Pipelines","type":"Filter","dependsOn":[{"activity":"Metadata","dependencyConditions":["Succeeded"]}],"typeProperties":{"items":{"value":"@activity('Metadata').output.firstRow.pipelines","type":"Expression"},"condition":{"value":"@equals(item().run, true)","type":"Expression"}}},{"name":"Pipeline loop","type":"ForEach","dependsOn":[{"activity":"Pipelines","dependencyConditions":["Succeeded"]}],"typeProperties":{"items":{"value":"@activity('Pipelines').output.value","type":"Expression"},"batchCount":3,"activities":[{"name":"Run pipeline","type":"InvokePipeline","dependsOn":[],"policy":{"timeout":"0.12:00:00","retry":0,"retryIntervalInSeconds":30,"secureOutput":false,"secureInput":false},"typeProperties":{"waitOnCompletion":true,"operationType":"InvokeFabricPipeline","pipelineId":{"value":"@item()[pipeline().parameters.env].id","type":"Expression"},"workspaceId":{"value":"@activity('Metadata').output.firstRow.workspaces[pipeline().parameters.env].id","type":"Expression"},"parameters":{"env":{"value":"@pipeline().parameters.env","type":"Expression"},"name":{"value":"@item().name","type":"Expression"},"fullLoadDays":{"value":"@item().fullLoadDays","type":"Expression"}}},"externalReferences":{"connection":"[parameters('FABRIC_VAMED_DATA_PIPELINES_SVC_PROD')]"}}]}},{"name":"Outlook fail notification","type":"Office365Outlook","dependsOn":[{"activity":"Pipeline loop","dependencyConditions":["Failed"]}],"typeProperties":{"inputs":{"method":"post","path":"/v2/Mail","body":{"To":"@pipeline().parameters.notifyEmails","Subject":"@concat(\n    'Pipeline failed: ',\n    pipeline().PipelineName\n)","Body":"<p>Dear Data Pipeline Admin,</p>\n<p><br></p>\n<p>the Data Pipeline '@{pipeline().Pipeline}' with the run ID '@{pipeline().RunId}' failed.</p>\n<p><br></p>\n<p>Best regards</p>\n<p>Microsoft Fabric</p>","Sensitivity":"","Importance":"Normal"}}}},{"name":"Pipeline fail","type":"Fail","dependsOn":[{"activity":"Outlook fail notification","dependencyConditions":["Completed"]}],"typeProperties":{"message":"Pipeline fail","errorCode":"500"}}],"parameters":{"name":{"type":"string"},"metadataFilename":{"type":"string","defaultValue":"metadata.master.datahub.default.v3.json"},"notifyEmails":{"type":"string","defaultValue":"enrico.goerlitz@vamed.com"},"env":{"type":"string"}},"logicAppsConnectionPayload":{"id":"/subscriptions/8134bcad-3f8c-4be2-8218-40855d84f4d3/resourceGroups/connections-c1893bbd-b872-4e25-af7c-a9490f6a1399/providers/Microsoft.Web/connections/1_e9157bc4-f234-4f28-8613-111835310e77_cc1c9952-5f4c-4830-9692-6cafe16f16ee","properties":{"api":{"name":"office365","id":"/subscriptions/8134bcad-3f8c-4be2-8218-40855d84f4d3/providers/Microsoft.Web/locations/westeurope/managedApis/office365"}}},"lastModifiedByObjectId":"cc1c9952-5f4c-4830-9692-6cafe16f16ee","lastPublishTime":"2025-08-23T04:23:13Z"},"dependsOn":[]},{"name":"SUB MASTER MLV PIPELINE","type":"pipelines","apiVersion":"2018-06-01","properties":{"activities":[{"name":"Metadata","type":"Lookup","dependsOn":[],"policy":{"timeout":"0.12:00:00","retry":0,"retryIntervalInSeconds":30,"secureOutput":false,"secureInput":false},"typeProperties":{"source":{"type":"JsonSource","storeSettings":{"type":"AzureBlobStorageReadSettings","recursive":false,"enablePartitionDiscovery":false},"formatSettings":{"type":"JsonReadSettings"}},"datasetSettings":{"annotations":[],"type":"Json","typeProperties":{"location":{"type":"AzureBlobStorageLocation","fileName":{"value":"@pipeline().parameters.metadataFilename","type":"Expression"},"folderPath":{"value":"@concat(\n    pipeline().parameters.env,\n    '/meta/pipelines/mlv'\n)","type":"Expression"},"container":"xdi-metadata"}},"schema":{},"externalReferences":{"connection":"[parameters('BLOB_VAMED_METADATA_SAXDIPRODWEU001_PROD')]"}}}},{"name":"Pipelines","type":"Filter","dependsOn":[{"activity":"Metadata","dependencyConditions":["Succeeded"]}],"typeProperties":{"items":{"value":"@activity('Metadata').output.firstRow.pipelines","type":"Expression"},"condition":{"value":"@equals(item().run, true)","type":"Expression"}}},{"name":"Pipeline loop","type":"ForEach","dependsOn":[{"activity":"Pipelines","dependencyConditions":["Succeeded"]}],"typeProperties":{"items":{"value":"@activity('Pipelines').output.Value","type":"Expression"},"isSequential":true,"activities":[{"name":"MASTER MLV PIPELINE DATA HUB","type":"InvokePipeline","dependsOn":[],"policy":{"timeout":"0.12:00:00","retry":0,"retryIntervalInSeconds":30,"secureOutput":false,"secureInput":false},"typeProperties":{"waitOnCompletion":true,"operationType":"InvokeFabricPipeline","pipelineId":{"value":"@item().notebook[pipeline().parameters.env].id","type":"Expression"},"workspaceId":{"value":"@activity('Metadata').output.firstRow.workspaces[pipeline().parameters.env].id","type":"Expression"},"parameters":{"fullRefreshDays":{"value":"@item().fullRefreshDays","type":"Expression"},"name":{"value":"@item().name","type":"Expression"}}},"externalReferences":{"connection":"[parameters('FABRIC_VAMED_DATA_PIPELINES_SVC_PROD')]"}}]}},{"name":"Outlook fail notification","type":"Office365Outlook","dependsOn":[{"activity":"Pipeline loop","dependencyConditions":["Failed"]}],"typeProperties":{"inputs":{"method":"post","path":"/v2/Mail","body":{"To":"@pipeline().parameters.notifyEmails","Subject":"@concat(\n    'Pipeline failed: ',\n    pipeline().PipelineName\n)","Body":"<p>Dear Data Pipeline Admin,</p>\n<p><br></p>\n<p>the Data Pipeline '@{pipeline().Pipeline}' with the run ID '@{pipeline().RunId}' failed.</p>\n<p><br></p>\n<p>Best regards</p>\n<p>Microsoft Fabric</p>","Sensitivity":"","Importance":"Normal"}}}},{"name":"Pipeline fail","type":"Fail","dependsOn":[{"activity":"Outlook fail notification","dependencyConditions":["Completed"]}],"typeProperties":{"message":"Pipeline fail","errorCode":"500"}}],"parameters":{"env":{"type":"string"},"notifyEmails":{"type":"string","defaultValue":"enrico.goerlitz@vamed.com"},"metadataFilename":{"type":"string"},"name":{"type":"string"}},"variables":{"isError":{"type":"Boolean","defaultValue":false}},"logicAppsConnectionPayload":{"id":"/subscriptions/b15307d5-9c8f-4130-9ccd-eb10ffe47146/resourceGroups/connections-c1893bbd-b872-4e25-af7c-a9490f6a1399/providers/Microsoft.Web/connections/1_cdf9ae0d-ed89-4801-b710-edf5c044c0ea_cc1c9952-5f4c-4830-9692-6cafe16f16ee","properties":{"api":{"name":"office365","id":"/subscriptions/b15307d5-9c8f-4130-9ccd-eb10ffe47146/providers/Microsoft.Web/locations/westeurope/managedApis/office365"}}},"lastModifiedByObjectId":"cc1c9952-5f4c-4830-9692-6cafe16f16ee","lastPublishTime":"2025-08-23T04:23:36Z"},"dependsOn":[]}]}