{"$schema":"http://schema.management.azure.com/schemas/2015-01-01/deploymentTemplate.json#","contentVersion":"1.0.0.0","parameters":{"BLOB_VAMED_METADATA_SAXDIPRODWEU001_PROD":{"type":"string"},"SQL_VAMED_BI_SERVER_PROD":{"type":"string"}},"variables":{},"resources":[{"name":"STANDARD IMPORT DATASOURCE V4","type":"pipelines","apiVersion":"2018-06-01","properties":{"activities":[{"name":"Import metadata","type":"Lookup","dependsOn":[],"policy":{"timeout":"0.12:00:00","retry":1,"retryIntervalInSeconds":30,"secureOutput":false,"secureInput":false},"typeProperties":{"source":{"type":"JsonSource","storeSettings":{"type":"AzureBlobStorageReadSettings","recursive":false,"enablePartitionDiscovery":false},"formatSettings":{"type":"JsonReadSettings"}},"datasetSettings":{"annotations":[],"type":"Json","typeProperties":{"location":{"type":"AzureBlobStorageLocation","fileName":{"value":"@pipeline().parameters.importMetadataFilename","type":"Expression"},"folderPath":{"value":"@concat(\n    pipeline().libraryVariables.Env,\n    '/meta/pipelines/import'\n)","type":"Expression"},"container":"xdi-metadata"}},"schema":{},"externalReferences":{"connection":"[parameters('BLOB_VAMED_METADATA_SAXDIPRODWEU001_PROD')]"}}}},{"name":"Set dayOfWeek","type":"SetVariable","dependsOn":[],"policy":{"secureOutput":false,"secureInput":false},"typeProperties":{"variableName":"dayOfWeekGerman","value":{"value":"@if(\n    equals(dayOfWeek(utcNow()), 0), 'Sonntag',\n    if(equals(dayOfWeek(utcNow()), 1), 'Montag',\n        if(equals(dayOfWeek(utcNow()), 2), 'Dienstag',\n            if(equals(dayOfWeek(utcNow()), 3), 'Mittwoch',\n                if(equals(dayOfWeek(utcNow()), 4), 'Donnerstag',\n                    if(equals(dayOfWeek(utcNow()), 5), 'Freitag',\n                        if(equals(dayOfWeek(utcNow()), 6), 'Samstag',\n                            'Sonntag'\n                    )\n                    )\n                )\n            )\n        )\n    )\n)","type":"Expression"}}},{"name":"Set isFullLoadDay","type":"SetVariable","dependsOn":[{"activity":"Set dayOfWeek","dependencyConditions":["Succeeded"]}],"policy":{"secureOutput":false,"secureInput":false},"typeProperties":{"variableName":"isFullLoadDay","value":{"value":"@not(\n    equals(\n        indexof(\n            pipeline().parameters.fullLoadDays,\n            variables('dayOfWeekGerman')\n        ),\n        -1\n    )\n)","type":"Expression"}}},{"name":"Filter run is true","type":"Filter","dependsOn":[{"activity":"Filter selected tables","dependencyConditions":["Succeeded"]}],"typeProperties":{"items":{"value":"@activity('Filter selected tables').output.Value","type":"Expression"},"condition":{"value":"@equals(item().run, true)","type":"Expression"}}},{"name":"Import tables","type":"ForEach","dependsOn":[{"activity":"Filter run is true","dependencyConditions":["Succeeded"]},{"activity":"Set isFullLoadDay","dependencyConditions":["Succeeded"]}],"typeProperties":{"items":{"value":"@activity('Filter run is true').output.value","type":"Expression"},"batchCount":10,"activities":[{"name":"Get delta load config","type":"IfCondition","dependsOn":[],"typeProperties":{"expression":{"value":"@equals(\n    and(\n        coalesce(\n            item()?.deltaLoad?.enable,\n            false\n        ),\n        not(coalesce(variables('isFullLoadDay'), true))\n    ),\n    true\n)","type":"Expression"},"ifFalseActivities":[],"ifTrueActivities":[{"name":"Get delta datetime","type":"Lookup","dependsOn":[],"policy":{"timeout":"0.12:00:00","retry":1,"retryIntervalInSeconds":30,"secureOutput":false,"secureInput":false},"typeProperties":{"source":{"type":"DataWarehouseSource","sqlReaderStoredProcedureName":{"value":"[[etl].[prc_GetMaxDeltaDatetimeDefault]","type":"Expression"},"storedProcedureParameters":{"deltaColumn":{"type":"String","value":{"value":"@item().deltaLoad.deltaColumn","type":"Expression"}},"lakehouse":{"type":"String","value":{"value":"@pipeline().libraryVariables.SilverLakehouseName","type":"Expression"}},"schema":{"type":"String","value":{"value":"@concat(\n    activity('Import metadata').output.firstRow.name,\n    '_',\n    coalesce(\n        item().bronze?.schema,\n        item().source?.schema,\n        activity('Import metadata').output.firstRow.importSettings.dataHub?.defaultSchema,\n        activity('Import metadata').output.firstRow.importSettings.sourceSystem.defaultSchema\n        )\n    )","type":"Expression"}},"tablename":{"type":"String","value":{"value":"@coalesce(\n    item().bronze?.tablename,\n    item().source.tablename\n)","type":"Expression"}}},"queryTimeout":"02:00:00","partitionOption":"None"},"datasetSettings":{"annotations":[],"linkedService":{"name":"fdf0ef98_8b31_49d3_8b37_c3c58ee1fe80","properties":{"annotations":[],"type":"DataWarehouse","typeProperties":{"endpoint":"@pipeline().libraryVariables.WorkspaceSqlEndpoint","artifactId":"@pipeline().libraryVariables.UtilsCollectionWarehouseArtifactId","workspaceId":"@pipeline().libraryVariables.WorkspaceId"}}},"type":"DataWarehouseTable","schema":[],"typeProperties":{}}}}]}},{"name":"Load data","type":"IfCondition","dependsOn":[{"activity":"Get delta load config","dependencyConditions":["Succeeded"]}],"typeProperties":{"expression":{"value":"@and(\n    not(\n        equals(\n            coalesce(\n                activity('Get delta datetime')?.output?.firstRow?.delta_datetime,\n                'NO DELTALOAD'\n            ),\n            'NO DELTALOAD'\n        )\n    ),\n    not(coalesce(variables('isFullLoadDay'), true))\n)","type":"Expression"},"ifFalseActivities":[{"name":"Full load","type":"Copy","dependsOn":[],"policy":{"timeout":"0.12:00:00","retry":1,"retryIntervalInSeconds":30,"secureOutput":false,"secureInput":false},"typeProperties":{"source":{"type":"SqlServerSource","queryTimeout":"02:00:00","partitionOption":"None","datasetSettings":{"annotations":[],"type":"SqlServerTable","schema":[],"typeProperties":{"schema":{"value":"@coalesce(\n    item().source?.schema,\n    activity('Import metadata').output.firstRow.importSettings.sourceSystem.defaultSchema )","type":"Expression"},"table":{"value":"@item().source.tablename","type":"Expression"},"database":"PA_PROJEKTSTEUERUNG"},"externalReferences":{"connection":"[parameters('SQL_VAMED_BI_SERVER_PROD')]"}}},"sink":{"type":"LakehouseTableSink","tableActionOption":"OverwriteSchema","partitionOption":"None","datasetSettings":{"annotations":[],"linkedService":{"name":"81d535bf_bcc9_4ac8_a402_d5db7fadced5","properties":{"annotations":[],"type":"Lakehouse","typeProperties":{"workspaceId":"@pipeline().libraryVariables.WorkspaceId","artifactId":"@pipeline().libraryVariables.BronzeLakehouseArtifactId","rootFolder":"Tables"}}},"type":"LakehouseTable","schema":[],"typeProperties":{"schema":{"value":"@concat(\n    activity('Import metadata').output.firstRow.name,\n    '_',\n    coalesce(\n        item().bronze?.schema,\n        item().source?.schema,\n        activity('Import metadata').output.firstRow.importSettings.dataHub?.defaultSchema,\n        activity('Import metadata').output.firstRow.importSettings.sourceSystem.defaultSchema\n        )\n    )","type":"Expression"},"table":{"value":"@coalesce(     item().bronze?.tablename,     item().source.tablename )","type":"Expression"}}}},"enableStaging":false,"translator":{"type":"TabularTranslator","typeConversion":true,"typeConversionSettings":{"allowDataTruncation":true,"treatBooleanAsNumber":false}}}}],"ifTrueActivities":[{"name":"Delta load","type":"Copy","dependsOn":[],"policy":{"timeout":"0.12:00:00","retry":1,"retryIntervalInSeconds":30,"secureOutput":false,"secureInput":false},"typeProperties":{"source":{"type":"SqlServerSource","sqlReaderQuery":{"value":"@concat(\n    'SELECT * FROM ',\n    coalesce(\n        item().source?.schema,\n        activity('Import metadata').output.firstRow.importSettings.sourceSystem.defaultSchema\n    ),\n    '.',\n    item().source.tablename,\n    ' WHERE ',\n    item().deltaLoad.deltaColumn,\n    ' > ''',\n    activity('Get delta datetime').output.firstRow.delta_datetime,\n    ''''\n)","type":"Expression"},"queryTimeout":"02:00:00","partitionOption":"None","datasetSettings":{"annotations":[],"type":"SqlServerTable","schema":[],"typeProperties":{"schema":{"value":"@concat(\n    'SELECT * FROM ',\n    coalesce(\n        item().source?.schema,\n        activity('Import metadata').output.firstRow.importSettings.sourceSystem.defaultSchema\n    ),\n    '.',\n    item().source.tablename,\n    ' WHERE ',\n    item().deltaLoad.deltaColumn,\n    ' > ''',\n    activity('Get delta datetime').output.firstRow.delta_datetime,\n    ''''\n)","type":"Expression"},"database":"PA_PROJEKTSTEUERUNG"},"externalReferences":{"connection":"[parameters('SQL_VAMED_BI_SERVER_PROD')]"}}},"sink":{"type":"LakehouseTableSink","tableActionOption":"OverwriteSchema","partitionOption":"None","datasetSettings":{"annotations":[],"linkedService":{"name":"5f204f8d_76db_4448_a926_226ca7afa99d","properties":{"annotations":[],"type":"Lakehouse","typeProperties":{"workspaceId":"@pipeline().libraryVariables.WorkspaceId","artifactId":"@pipeline().libraryVariables.BronzeLakehouseArtifactId","rootFolder":"Tables"}}},"type":"LakehouseTable","schema":[],"typeProperties":{"schema":{"value":"@concat(\n    activity('Import metadata').output.firstRow.name,\n    '_',\n    coalesce(\n        item().bronze?.schema,\n        item().source?.schema,\n        activity('Import metadata').output.firstRow.importSettings.dataHub?.defaultSchema,\n        activity('Import metadata').output.firstRow.importSettings.sourceSystem.defaultSchema\n    )\n)","type":"Expression"},"table":{"value":"@coalesce(\n    item().bronze?.tablename,\n    item().source.tablename\n)","type":"Expression"}}}},"enableStaging":false,"translator":{"type":"TabularTranslator","typeConversion":true,"typeConversionSettings":{"allowDataTruncation":true,"treatBooleanAsNumber":false}}}}]}},{"name":"Silver ingestion","type":"TridentNotebook","dependsOn":[{"activity":"Load data","dependencyConditions":["Succeeded"]}],"policy":{"timeout":"0.12:00:00","retry":0,"retryIntervalInSeconds":30,"secureOutput":false,"secureInput":false},"typeProperties":{"notebookId":"f2bb95cd-c4f9-405d-adf7-bec22ba3cb9b","workspaceId":"dfed4a6a-e2e6-4ccb-a59e-af6ed391cb62","parameters":{"SOURCE_LAKEHOUSE":{"value":{"value":"@pipeline().libraryVariables.BronzeLakehouseName","type":"Expression"},"type":"string"},"SOURCE_SCHEMA":{"value":{"value":"@concat(\n    activity('Import metadata').output.firstRow.name,\n    '_',\n    coalesce(\n        item().bronze?.schema,\n        item().source?.schema,\n        activity('Import metadata').output.firstRow.importSettings.dataHub?.defaultSchema,\n        activity('Import metadata').output.firstRow.importSettings.sourceSystem.defaultSchema\n    )\n)","type":"Expression"},"type":"string"},"SOURCE_TABLENAME":{"value":{"value":"@coalesce(\n    item().bronze?.tablename,\n    item().source?.tablename\n)\n","type":"Expression"},"type":"string"},"DESTINATION_LAKEHOUSE":{"value":{"value":"@pipeline().libraryVariables.SilverLakehouseName","type":"Expression"},"type":"string"},"DESTINATION_SCHEMA":{"value":{"value":"@concat(\n    activity('Import metadata').output.firstRow.name,\n    '_',\n    coalesce(\n        item().silver.notebook?.schema,\n        item().bronze?.schema,\n        item().source?.schema,\n        activity('Import metadata').output.firstRow.importSettings.dataHub?.defaultSchema,\n        activity('Import metadata').output.firstRow.importSettings.sourceSystem.defaultSchema\n    )\n)","type":"Expression"},"type":"string"},"DESTINATION_TABLENAME":{"value":{"value":"@coalesce(\n    item().silver?.notebook?.tablename,\n    item().bronze?.tablename,\n    item().source.tablename\n)\n","type":"Expression"},"type":"string"},"NK_COLUMNS":{"value":{"value":"@item().silver.notebook.nk_columns","type":"Expression"},"type":"string"},"EXCLUDE_COLUMNS_FROM_COMPARING":{"value":{"value":"@coalesce(\n    item().silver.notebook?.exclude_columns_from_comparing,\n    null\n)","type":"Expression"},"type":"string"},"INCLUDE_COLUMNS_FROM_COMPARING":{"value":{"value":"@coalesce(\n    item().silver.notebook?.include_columns_from_comparing,\n    null\n)","type":"Expression"},"type":"string"},"HISTORIZE":{"value":{"value":"@coalesce(\n    item()?.historize,\n    true\n)","type":"Expression"},"type":"bool"},"IS_DELTA_LOAD":{"value":{"value":"@and(\n    not(\n        equals(\n            coalesce(\n                activity('Get delta datetime')?.output?.firstRow?.delta_datetime,\n                'NO DELTALOAD'\n            ),\n            'NO DELTALOAD'\n        )\n    ),\n    not(coalesce(variables('isFullLoadDay'), true))\n)","type":"Expression"},"type":"bool"},"DELTA_LOAD_USE_BROADCAST":{"value":{"value":"@coalesce(\n    item()?.deltaLoad?.useBroadcast,\n    false\n)","type":"Expression"},"type":"bool"},"PARTITION_BY_COLUMNS":{"value":{"value":"@coalesce(\n    item().silver.notebook?.partition_by,\n    null\n)","type":"Expression"},"type":"string"}}}}]}},{"name":"Filter selected tables","type":"Filter","dependsOn":[{"activity":"Set importTableNames","dependencyConditions":["Succeeded"]}],"typeProperties":{"items":{"value":"@activity('Import metadata').output.firstRow.tables","type":"Expression"},"condition":{"value":"@if(\n    equals(pipeline().parameters.selectedTables, null),\n    true,\n    contains(\n        variables('importTableNames'),\n        item().source.tablename\n    )\n)","type":"Expression"}}},{"name":"Set importTableNames","type":"SetVariable","dependsOn":[{"activity":"Import metadata","dependencyConditions":["Succeeded"]}],"policy":{"secureOutput":false,"secureInput":false},"typeProperties":{"variableName":"importTableNames","value":{"value":"@split(\n    coalesce(pipeline().parameters.selectedTables, ''),\n    ','\n)","type":"Expression"}}}],"parameters":{"importMetadataFilename":{"type":"string","defaultValue":"metadata.import.pct.v1.json"},"selectedTables":{"type":"string","defaultValue":"project"},"fullLoadDays":{"type":"string","defaultValue":"Sonntag"}},"variables":{"isFullLoadDay":{"type":"Boolean"},"dayOfWeekGerman":{"type":"String"},"importTableNames":{"type":"Array"}},"libraryVariables":{"Env":{"type":"String","variableName":"Environment","libraryName":"Workspace"},"WorkspaceId":{"type":"String","variableName":"ID","libraryName":"Workspace"},"WorkspaceSqlEndpoint":{"type":"String","variableName":"SqlEndpoint","libraryName":"Workspace"},"UtilsCollectionWarehouseArtifactId":{"type":"String","variableName":"ArtifactId","libraryName":"UtilsCollectionWarehouseDefault"},"BronzeLakehouseName":{"type":"String","variableName":"Name","libraryName":"BronzeLakehouseDefault"},"BronzeLakehouseArtifactId":{"type":"String","variableName":"ArtifactId","libraryName":"BronzeLakehouseDefault"},"SilverLakehouseName":{"type":"String","variableName":"Name","libraryName":"SilverLakehouseDefault"},"SilverLakehouseArtifactId":{"type":"String","variableName":"ArtifactId","libraryName":"SilverLakehouseDefault"}},"lastModifiedByObjectId":"cc1c9952-5f4c-4830-9692-6cafe16f16ee","lastPublishTime":"2025-08-23T17:28:25Z","logicAppsConnectionPayload":{"id":"/subscriptions/402ba205-acc1-4cc2-9aa5-80bdf305f0ba/resourceGroups/connections-dfed4a6a-e2e6-4ccb-a59e-af6ed391cb62/providers/Microsoft.Web/connections/2_3ca24536-c931-4b9f-af51-9b6ee7aca111_cc1c9952-5f4c-4830-9692-6cafe16f16ee","properties":{"api":{"name":"teams","id":"/subscriptions/402ba205-acc1-4cc2-9aa5-80bdf305f0ba/providers/Microsoft.Web/locations/westeurope/managedApis/teams"}}}},"dependsOn":[]}]}