{"$schema":"http://schema.management.azure.com/schemas/2015-01-01/deploymentTemplate.json#","contentVersion":"1.0.0.0","parameters":{},"variables":{},"resources":[{"name":"MASTER MLV PIPELINE DATA HUB","type":"pipelines","apiVersion":"2018-06-01","properties":{"activities":[{"name":"AEMP MASTER MLV PIPELINE","type":"TridentNotebook","dependsOn":[{"activity":"Set isFullRefresh","dependencyConditions":["Succeeded"]}],"policy":{"timeout":"0.12:00:00","retry":0,"retryIntervalInSeconds":30,"secureOutput":false,"secureInput":false},"typeProperties":{"notebookId":"81f75d30-ebc3-4367-bd15-1e675c9c064f","workspaceId":"dfed4a6a-e2e6-4ccb-a59e-af6ed391cb62","parameters":{"FULL_REFRESH":{"value":{"value":"@variables('isFullRefresh')","type":"Expression"},"type":"bool"}}}},{"name":"Set dayOfWeek","type":"SetVariable","dependsOn":[],"policy":{"secureOutput":false,"secureInput":false},"typeProperties":{"variableName":"dayOfWeekGerman","value":{"value":"@if(\n    equals(dayOfWeek(utcNow()), 0), 'Sonntag',\n    if(equals(dayOfWeek(utcNow()), 1), 'Montag',\n        if(equals(dayOfWeek(utcNow()), 2), 'Dienstag',\n            if(equals(dayOfWeek(utcNow()), 3), 'Mittwoch',\n                if(equals(dayOfWeek(utcNow()), 4), 'Donnerstag',\n                    if(equals(dayOfWeek(utcNow()), 5), 'Freitag',\n                        'Samstag'\n                    )\n                )\n            )\n        )\n    )\n)","type":"Expression"}}},{"name":"Set isFullRefresh","type":"SetVariable","dependsOn":[{"activity":"Set dayOfWeek","dependencyConditions":["Succeeded"]}],"policy":{"secureOutput":false,"secureInput":false},"typeProperties":{"variableName":"isFullRefresh","value":{"value":"@not(\n    equals(\n        indexOf(\n            pipeline().parameters.fullRefreshDays,\n            variables('dayOfWeekGerman')\n        ),\n        -1\n    )\n)","type":"Expression"}}}],"parameters":{"fullRefreshDays":{"type":"string","defaultValue":"Samstag,Sonntag,Montag"},"name":{"type":"string"}},"variables":{"dayOfWeekGerman":{"type":"String"},"isFullRefresh":{"type":"Boolean"}},"lastModifiedByObjectId":"cc1c9952-5f4c-4830-9692-6cafe16f16ee","lastPublishTime":"2025-08-19T12:08:12Z"},"dependsOn":[]}]}